"Time (s)","Latitude (°)","Longitude (°)","Height (m)","Velocity (m/s)","Direction (°)","Horizontal Accuracy (m)","Vertical Accuracy (m)"
9.089393700E-2,1.110114920E1,7.735510880E1,3.187364399E2,NaN,NaN,1.735600090E1,1.000000000E0
8.206803080E-1,1.110114920E1,7.735510880E1,3.187364399E2,NaN,NaN,2.245899963E1,2.020599842E0
2.668272616E0,1.110103500E1,7.735517167E1,3.107368329E2,9.424563646E-1,3.338399963E2,7.099999905E0,5.690000153E1
3.162344385E0,1.110104333E1,7.735512667E1,2.984367980E2,7.895838618E-1,3.262500000E2,3.700000048E0,2.360000038E1
4.164080308E0,1.110106500E1,7.735511833E1,2.970367216E2,5.430319309E-1,3.457799988E2,2.700000048E0,1.800000000E1
5.162532077E0,1.110107667E1,7.735510833E1,2.959366798E2,3.108922243E-1,9.000000358E-2,2.500000000E0,1.710000038E1
6.159422539E0,1.110108333E1,7.735509000E1,2.954366542E2,1.966238916E-1,8.529999733E0,2.200000048E0,1.560000038E1
7.163651693E0,1.110108167E1,7.735508333E1,2.942366591E2,8.595860749E-2,1.169400024E2,1.899999976E0,1.419999981E1
8.163284693E0,1.110108000E1,7.735508500E1,2.948366651E2,2.038300037E-1,5.781999969E1,1.600000024E0,1.369999981E1
9.907876616E0,1.110108333E1,7.735508833E1,2.961366540E2,1.827263832E-1,3.586000061E1,1.600000024E0,1.289999962E1
1.090859885E1,1.110108667E1,7.735508667E1,2.963366422E2,9.934139252E-2,5.995000076E1,1.600000024E0,1.310000038E1
1.190452254E1,1.110108667E1,7.735508500E1,2.964366420E2,8.492916822E-2,5.345000076E1,1.600000024E0,1.289999962E1
1.290638438E1,1.110109167E1,7.735508667E1,2.965366248E2,1.240480542E-1,8.430000305E0,1.600000024E0,1.300000000E1
1.390556616E1,1.110109167E1,7.735508500E1,2.969366246E2,1.183861122E-1,5.329999924E0,1.600000024E0,1.289999962E1
1.490813516E1,1.110109167E1,7.735508833E1,2.970366250E2,1.925061047E-1,3.538999939E1,1.500000000E0,1.289999962E1
1.590733608E1,1.110109167E1,7.735509000E1,2.974366252E2,2.825824916E-1,2.269000053E1,1.500000000E0,1.319999981E1
1.690620746E1,1.110109667E1,7.735508833E1,2.978366076E2,5.811213851E-1,3.473099976E2,1.500000000E0,1.289999962E1
1.791157762E1,1.110110667E1,7.735508833E1,2.977365729E2,1.606448054E0,3.228099976E2,1.500000000E0,1.280000019E1
1.890778069E1,1.110113000E1,7.735507667E1,2.981364903E2,2.971491337E0,3.394700012E2,1.500000000E0,1.269999981E1
1.990587208E1,1.110117167E1,7.735506500E1,2.983363439E2,4.644853115E0,3.469400024E2,1.500000000E0,1.239999962E1
2.090708469E1,1.110122500E1,7.735505333E1,2.981361570E2,6.160710335E0,3.476900024E2,1.500000000E0,1.230000019E1
2.190928123E1,1.110128500E1,7.735504167E1,2.980359469E2,6.631680965E0,3.481600037E2,1.500000000E0,1.260000038E1
2.290948185E1,1.110134667E1,7.735503000E1,2.980357310E2,3.012154341E0,3.489100037E2,1.600000024E0,1.319999981E1
2.390564162E1,1.110140833E1,7.735501833E1,2.979355152E2,3.674602032E0,3.510100098E2,1.600000024E0,1.319999981E1
2.490936092E1,1.110147167E1,7.735501000E1,2.973352939E2,4.317490101E0,3.569800110E2,1.600000024E0,1.300000000E1
2.590540377E1,1.110153333E1,7.735500500E1,2.967350789E2,4.939789295E0,3.567099915E2,1.600000024E0,1.330000019E1
2.690989385E1,1.110159333E1,7.735500000E1,2.968348697E2,5.486423969E0,2.800000012E-1,1.600000024E0,1.210000038E1
2.790959639E1,1.110165167E1,7.735499500E1,2.960346663E2,5.878642559E0,3.579299927E2,1.500000000E0,1.189999962E1
2.890791354E1,1.110170500E1,7.735498167E1,2.964344791E2,6.095340729E0,3.558299866E2,1.700000048E0,1.189999962E1
2.990818069E1,1.110175167E1,7.735497000E1,2.964343154E2,6.121591568E0,3.555199890E2,1.500000000E0,1.189999962E1
3.090816869E1,1.110179000E1,7.735496333E1,2.963341813E2,5.902319908E0,3.437500000E2,1.399999976E0,1.180000019E1
3.190742769E1,1.110182000E1,7.735494833E1,2.962340750E2,5.608928204E0,3.265799866E2,1.299999952E0,1.169999981E1
3.290344869E1,1.110184333E1,7.735492500E1,2.961339908E2,5.233695507E0,3.126000061E2,1.299999952E0,1.150000000E1
3.390464677E1,1.110185833E1,7.735490500E1,2.959339360E2,4.812652588E0,2.923599854E2,1.299999952E0,1.169999981E1
3.490936000E1,1.110186167E1,7.735487833E1,2.949339209E2,4.377712727E0,2.700100098E2,1.500000000E0,1.100000000E1
3.590892462E1,1.110185833E1,7.735486000E1,2.945339301E2,3.949978352E0,2.642799988E2,1.399999976E0,1.069999981E1
3.691093877E1,1.110185833E1,7.735484167E1,2.938339277E2,3.591217041E0,2.577000122E2,1.500000000E0,1.069999981E1
3.791017731E1,1.110185667E1,7.735482167E1,2.928339308E2,3.313781738E0,2.702200012E2,1.500000000E0,1.089999962E1
3.890919570E1,1.110185500E1,7.735480333E1,2.920339342E2,2.988477230E0,2.555899963E2,1.600000024E0,1.100000000E1
3.990739239E1,1.110185500E1,7.735479167E1,2.912339327E2,2.638980865E0,2.556499939E2,1.600000024E0,1.100000000E1
4.090727908E1,1.110185000E1,7.735477833E1,2.911339483E2,2.363089800E0,2.614299927E2,1.600000024E0,1.089999962E1
4.190869085E1,1.110185333E1,7.735477500E1,2.908339363E2,2.075360060E0,2.401199951E2,1.600000024E0,1.110000038E1
4.290766470E1,1.110185167E1,7.735477000E1,2.904339414E2,1.871530056E0,2.553800049E2,1.600000024E0,1.110000038E1
4.390465846E1,1.110184833E1,7.735475833E1,2.903339514E2,1.741819978E0,2.552899933E2,1.600000024E0,1.130000019E1
4.491276554E1,1.110184833E1,7.735475167E1,2.904339506E2,1.562696695E0,2.629200134E2,1.600000024E0,1.130000019E1
4.591073416E1,1.110184333E1,7.735474333E1,2.907339668E2,1.407250524E0,2.632999878E2,1.600000024E0,1.130000019E1
4.691468870E1,1.110184167E1,7.735473167E1,2.910339711E2,1.262613654E0,2.647200012E2,1.600000024E0,1.139999962E1
4.790525762E1,1.110183833E1,7.735471833E1,2.913339809E2,1.170478344E0,2.704599915E2,1.600000024E0,1.139999962E1
4.891257085E1,1.110184000E1,7.735470167E1,2.918339729E2,1.151948333E0,2.657999878E2,1.700000048E0,1.160000038E1
4.990385177E1,1.110184333E1,7.735468667E1,2.919339594E2,1.232759714E0,2.678699951E2,1.700000048E0,1.139999962E1
5.090792346E1,1.110184000E1,7.735466333E1,2.923339679E2,1.305335522E0,2.636300049E2,1.700000048E0,1.160000038E1
5.190524008E1,1.110183500E1,7.735464333E1,2.933339826E2,1.372764111E0,2.659599915E2,1.700000048E0,1.160000038E1
5.290887354E1,1.110183000E1,7.735462500E1,2.940339976E2,1.394382477E0,2.620599976E2,1.700000048E0,1.160000038E1
5.390449323E1,1.110182500E1,7.735461333E1,2.949340134E2,1.413941979E0,2.635700073E2,1.600000024E0,1.169999981E1
5.490454462E1,1.110182333E1,7.735459833E1,2.955340172E2,1.529239774E0,2.593200073E2,1.700000048E0,1.169999981E1
5.590861239E1,1.110181667E1,7.735458500E1,2.959340387E2,1.596153617E0,2.562799988E2,1.700000048E0,1.189999962E1
5.691268223E1,1.110181333E1,7.735457167E1,2.966340485E2,1.625492811E0,2.577399902E2,1.700000048E0,1.189999962E1
5.790401600E1,1.110181000E1,7.735456000E1,2.972340585E2,1.526666164E0,2.506399994E2,1.700000048E0,1.180000019E1
5.890691762E1,1.110180667E1,7.735455500E1,2.980340695E2,1.395926714E0,2.370299988E2,1.600000024E0,1.169999981E1
5.991077731E1,1.110180667E1,7.735455000E1,2.985340688E2,1.215773940E0,2.516300049E2,1.600000024E0,1.180000019E1
6.090483423E1,1.110180500E1,7.735454333E1,2.986340737E2,1.069078088E0,2.611199951E2,1.500000000E0,1.180000019E1
6.190652347E1,1.110180333E1,7.735453667E1,2.989340786E2,9.738544226E-1,2.626700134E2,1.500000000E0,1.160000038E1
6.290866624E1,1.110180000E1,7.735452333E1,2.988340885E2,9.918697476E-1,2.624400024E2,1.500000000E0,1.160000038E1
6.390832593E1,1.110179333E1,7.735450000E1,2.991341086E2,1.067533851E0,2.589800110E2,1.600000024E0,1.139999962E1
6.490648531E1,1.110179500E1,7.735447167E1,2.989340990E2,1.162757516E0,2.674100037E2,1.600000024E0,1.119999981E1
6.590445085E1,1.110179333E1,7.735444167E1,2.986341009E2,1.360925555E0,2.675100098E2,1.600000024E0,1.119999981E1
6.690996554E1,1.110178667E1,7.735440333E1,2.982341190E2,1.605418563E0,2.640199890E2,1.700000048E0,1.110000038E1
6.790743693E1,1.110178167E1,7.735436833E1,2.979341317E2,1.911163568E0,2.615100098E2,1.899999976E0,1.160000038E1
6.890790408E1,1.110177833E1,7.735433333E1,2.976341387E2,2.219996929E0,2.598399963E2,2.000000000E0,1.219999981E1
6.991016185E1,1.110177333E1,7.735430167E1,2.975341519E2,2.460886955E0,2.573200073E2,2.099999905E0,1.260000038E1
7.090548000E1,1.110177500E1,7.735427167E1,2.975341422E2,2.638980865E0,2.585499878E2,1.700000048E0,1.110000038E1
7.191118808E1,1.110177167E1,7.735424333E1,2.969341500E2,2.935975552E0,2.629200134E2,1.500000000E0,1.110000038E1
7.291162470E1,1.110176833E1,7.735420333E1,2.962341563E2,3.227308273E0,2.669599915E2,1.399999976E0,1.100000000E1
7.390661816E1,1.110176667E1,7.735416667E1,2.957341573E2,3.424447060E0,2.725499878E2,1.600000024E0,1.100000000E1
7.490893024E1,1.110176500E1,7.735412833E1,2.956341580E2,3.576804638E0,2.670799866E2,1.899999976E0,1.160000038E1
7.590452654E1,1.110176500E1,7.735409333E1,2.954341534E2,3.607687950E0,2.689599915E2,2.099999905E0,1.219999981E1
7.690567847E1,1.110176500E1,7.735406500E1,2.951341497E2,3.524817705E0,2.657699890E2,2.099999905E0,1.280000019E1
7.790533970E1,1.110176500E1,7.735403667E1,2.949341459E2,3.498052120E0,2.657799988E2,2.200000048E0,1.289999962E1
7.890567816E1,1.110176500E1,7.735401333E1,2.941341429E2,3.446065187E0,2.672699890E2,1.799999952E0,1.160000038E1
7.990678124E1,1.110176000E1,7.735398833E1,2.951341570E2,3.480036974E0,2.722000122E2,1.799999952E0,1.130000019E1
8.091076070E1,1.110175667E1,7.735396167E1,2.955341650E2,3.525847197E0,2.709200134E2,1.799999952E0,1.130000019E1
8.190712224E1,1.110175667E1,7.735394167E1,2.955341624E2,3.397681475E0,2.711499939E2,1.899999976E0,1.150000000E1
8.290828831E1,1.110175833E1,7.735391500E1,2.955341531E2,3.243779421E0,2.757600098E2,1.799999952E0,1.100000000E1
8.390880162E1,1.110176667E1,7.735388833E1,2.958341206E2,3.112525225E0,2.910000000E2,1.700000048E0,1.100000000E1
8.490963885E1,1.110178167E1,7.735387167E1,2.966340662E2,2.906636477E0,3.089599915E2,1.700000048E0,1.089999962E1
8.590984339E1,1.110179500E1,7.735386167E1,2.968340185E2,2.740381002E0,3.307600098E2,1.600000024E0,1.080000019E1
8.691275516E1,1.110181500E1,7.735385500E1,2.971339481E2,2.665746450E0,3.472200012E2,1.600000024E0,1.080000019E1
8.790833731E1,1.110183500E1,7.735384667E1,2.974338775E2,2.490740776E0,3.415599976E2,1.600000024E0,1.089999962E1
8.890775108E1,1.110185167E1,7.735384500E1,2.980338193E2,2.335294724E0,3.700000048E-1,1.500000000E0,1.100000000E1
8.990660062E1,1.110186500E1,7.735384333E1,2.986337727E2,2.129920483E0,3.537399902E2,1.500000000E0,1.100000000E1
9.091028901E1,1.110187833E1,7.735384000E1,2.986337259E2,1.986313105E0,3.543099976E2,1.500000000E0,1.130000019E1
9.191378993E1,1.110189000E1,7.735383833E1,2.984336851E2,1.872559428E0,3.456099854E2,1.500000000E0,1.130000019E1
9.290701854E1,1.110190167E1,7.735383167E1,2.984336437E2,1.713510275E0,3.448599854E2,1.600000024E0,1.180000019E1
9.390767824E1,1.110191500E1,7.735383000E1,2.983335971E2,1.602844954E0,3.450700073E2,1.500000000E0,1.150000000E1
9.490587670E1,1.110193333E1,7.735382500E1,2.982335327E2,1.589976907E0,3.542600098E2,1.500000000E0,1.139999962E1
9.590863662E1,1.110195500E1,7.735382000E1,2.981334567E2,1.677994490E0,3.527000122E2,1.600000024E0,1.150000000E1
9.690973393E1,1.110198333E1,7.735381833E1,2.986333579E2,1.788144946E0,3.510199890E2,1.799999952E0,1.169999981E1
9.791360685E1,1.110201333E1,7.735381500E1,2.990332531E2,1.944620609E0,3.531099854E2,1.799999952E0,1.150000000E1
9.890854378E1,1.110204667E1,7.735381167E1,2.987331368E2,2.188598871E0,3.483800049E2,2.000000000E0,1.200000000E1
9.990896839E1,1.110208167E1,7.735380333E1,2.985330140E2,2.490740776E0,3.464599915E2,2.200000048E0,1.250000000E1
1.009085379E2,1.110212000E1,7.735379333E1,2.984328794E2,2.826339722E0,3.504899902E2,2.299999952E0,1.289999962E1
1.019077963E2,1.110215833E1,7.735379667E1,2.977327465E2,3.234514475E0,3.523500061E2,2.299999952E0,1.339999962E1
1.029057357E2,1.110221000E1,7.735378667E1,2.979325655E2,3.685411215E0,3.513800049E2,2.400000095E0,1.350000000E1
1.039091299E2,1.110226000E1,7.735377667E1,2.969323903E2,4.121380806E0,3.504500122E2,2.299999952E0,1.360000038E1
1.049101474E2,1.110231833E1,7.735376333E1,2.966321857E2,4.521319866E0,3.485599976E2,2.200000048E0,1.369999981E1
1.059049447E2,1.110237500E1,7.735375167E1,2.964319871E2,4.794122696E0,3.462999878E2,2.299999952E0,1.350000000E1
1.069084429E2,1.110242833E1,7.735372333E1,2.964317978E2,4.976334572E0,3.455000000E2,1.899999976E0,1.169999981E1
1.079073449E2,1.110247167E1,7.735371333E1,2.956316458E2,5.077219963E0,3.465400085E2,1.899999976E0,1.189999962E1
1.089106032E2,1.110251667E1,7.735370333E1,2.961314880E2,5.012364864E0,3.482399902E2,1.799999952E0,1.160000038E1
1.099056363E2,1.110254500E1,7.735369667E1,2.962313886E2,4.933097839E0,3.473800049E2,2.000000000E0,1.210000038E1
1.109088195E2,1.110257833E1,7.735368667E1,2.964312713E2,4.882655144E0,3.442099915E2,2.099999905E0,1.269999981E1
1.119072551E2,1.110262000E1,7.735367167E1,2.959311244E2,4.840447903E0,3.467500000E2,2.200000048E0,1.239999962E1
1.129110899E2,1.110266500E1,7.735366333E1,2.957309668E2,4.742136002E0,3.486199951E2,2.200000048E0,1.239999962E1
1.139171555E2,1.110271667E1,7.735366333E1,2.962307871E2,4.621690750E0,3.478699951E2,2.000000000E0,1.139999962E1
1.149102935E2,1.110276000E1,7.735365500E1,2.960306353E2,4.470877171E0,3.489800110E2,2.000000000E0,1.150000000E1
1.159076815E2,1.110279167E1,7.735364500E1,2.947305239E2,4.247487545E0,3.473299866E2,2.000000000E0,1.189999962E1
1.169068047E2,1.110282000E1,7.735363667E1,2.943304242E2,4.039539814E0,3.447999878E2,2.000000000E0,1.219999981E1
1.179035841E2,1.110285333E1,7.735363000E1,2.947303074E2,3.858357668E0,3.424200134E2,1.799999952E0,1.110000038E1
1.189062157E2,1.110287833E1,7.735362333E1,2.952302196E2,3.772399187E0,3.436499939E2,1.899999976E0,1.119999981E1
1.199078665E2,1.110290833E1,7.735362333E1,2.961301153E2,3.639600754E0,3.504299927E2,1.600000024E0,1.080000019E1
1.209097949E2,1.110293333E1,7.735362167E1,2.967300281E2,3.476948500E0,3.530299988E2,1.600000024E0,1.060000038E1
1.219103841E2,1.110296000E1,7.735362000E1,2.972299351E2,3.308119774E0,3.533399963E2,1.500000000E0,1.069999981E1
1.229069379E2,1.110299167E1,7.735361833E1,2.974298248E2,3.158850193E0,3.521900024E2,1.700000048E0,1.069999981E1
1.239062912E2,1.110302500E1,7.735361333E1,2.974297082E2,3.050758600E0,3.501499939E2,1.700000048E0,1.119999981E1
1.249055855E2,1.110306833E1,7.735360000E1,2.970295557E2,3.095539331E0,3.452300110E2,1.799999952E0,1.150000000E1
1.259090815E2,1.110311000E1,7.735358333E1,2.974294086E2,3.313266993E0,3.480400085E2,1.600000024E0,1.089999962E1
1.269091964E2,1.110315833E1,7.735357500E1,2.974292394E2,3.530479670E0,3.485100098E2,1.600000024E0,1.119999981E1
1.279085619E2,1.110320000E1,7.735356500E1,2.975290931E2,3.704455853E0,3.461600037E2,2.000000000E0,1.180000019E1
1.289088478E2,1.110323167E1,7.735355833E1,2.977289821E2,3.777546406E0,3.462500000E2,2.099999905E0,1.180000019E1
1.299037979E2,1.110325500E1,7.735355500E1,2.974289005E2,3.835710049E0,3.429400024E2,2.000000000E0,1.180000019E1
1.309051789E2,1.110328500E1,7.735355000E1,2.971287955E2,3.935051441E0,3.456600037E2,1.700000048E0,1.069999981E1
1.319108170E2,1.110332167E1,7.735354167E1,2.967286669E2,4.056525707E0,3.413500061E2,1.700000048E0,1.060000038E1
1.329143398E2,1.110335667E1,7.735352667E1,2.963285431E2,4.144028664E0,3.391300049E2,2.000000000E0,1.110000038E1
1.339118247E2,1.110339333E1,7.735351333E1,2.961284138E2,4.150720119E0,3.404899902E2,2.099999905E0,1.169999981E1
1.349093702E2,1.110342667E1,7.735350000E1,2.961282961E2,4.027701378E0,3.380799866E2,2.200000048E0,1.189999962E1
1.359086320E2,1.110346000E1,7.735348833E1,2.958281786E2,3.840857267E0,3.384899902E2,2.200000048E0,1.219999981E1
1.369099819E2,1.110349500E1,7.735347833E1,2.952280556E2,3.645262718E0,3.448399963E2,2.200000048E0,1.200000000E1
1.379076933E2,1.110352667E1,7.735347000E1,2.950279443E2,3.518640995E0,3.392600098E2,2.200000048E0,1.200000000E1
1.389070795E2,1.110355833E1,7.735346000E1,2.946278328E2,3.563936710E0,3.406799927E2,2.200000048E0,1.219999981E1
1.399053437E2,1.110358833E1,7.735344833E1,2.938277269E2,3.707544088E0,3.404400024E2,2.200000048E0,1.219999981E1
1.409077235E2,1.110362667E1,7.735343667E1,2.937275920E2,3.838283539E0,3.409500122E2,2.299999952E0,1.230000019E1
1.419057175E2,1.110366333E1,7.735341667E1,2.928274618E2,3.897991419E0,3.368800049E2,2.200000048E0,1.200000000E1
1.429111400E2,1.110370167E1,7.735340667E1,2.924273272E2,3.841886759E0,3.374500122E2,2.200000048E0,1.189999962E1
1.439062585E2,1.110372500E1,7.735339667E1,2.921272447E2,3.695705652E0,3.309899902E2,2.299999952E0,1.200000000E1
1.449087010E2,1.110375167E1,7.735338500E1,2.918271504E2,3.708058834E0,3.330299988E2,2.200000048E0,1.210000038E1
1.459093656E2,1.110378667E1,7.735337167E1,2.921270268E2,3.799679518E0,3.350400085E2,1.799999952E0,1.050000000E1
1.469058259E2,1.110382000E1,7.735335167E1,2.913269082E2,3.958213806E0,3.386600037E2,2.000000000E0,1.080000019E1
1.479057215E2,1.110386000E1,7.735333500E1,2.909267668E2,4.119321823E0,3.349700012E2,2.099999905E0,1.119999981E1
1.489063613E2,1.110389833E1,7.735331333E1,2.906266306E2,4.248002529E0,3.342000122E2,2.200000048E0,1.160000038E1
1.499079603E2,1.110393500E1,7.735329333E1,2.901265004E2,4.307710171E0,3.327300110E2,2.200000048E0,1.180000019E1
1.509064032E2,1.110397667E1,7.735327167E1,2.903263525E2,4.311828136E0,3.307200012E2,2.200000048E0,1.200000000E1
1.519116349E2,1.110401833E1,7.735324833E1,2.901262045E2,4.312857628E0,3.311700134E2,2.200000048E0,1.180000019E1
1.529155748E2,1.110405167E1,7.735323333E1,2.901260865E2,4.346314430E0,3.312500000E2,2.299999952E0,1.180000019E1
1.539041810E2,1.110407833E1,7.735322000E1,2.898259919E2,4.397786617E0,3.326199951E2,2.299999952E0,1.189999962E1
1.549068800E2,1.110410000E1,7.735320833E1,2.891259150E2,4.284032822E0,3.364599915E2,2.299999952E0,1.189999962E1
1.559113035E2,1.110412000E1,7.735319667E1,2.882258439E2,4.093070984E0,3.361199951E2,1.899999976E0,1.050000000E1
1.569159631E2,1.110413833E1,7.735318667E1,2.880257788E2,3.807400227E0,3.326600037E2,1.799999952E0,1.039999962E1
1.579058259E2,1.110415500E1,7.735317833E1,2.881257197E2,3.545921326E0,3.251000061E2,1.700000048E0,1.019999981E1
1.589030798E2,1.110417833E1,7.735316667E1,2.883256369E2,3.401799202E0,3.322999878E2,1.700000048E0,1.019999981E1
1.599093148E2,1.110421000E1,7.735315167E1,2.885255247E2,3.382754326E0,3.281300049E2,1.700000048E0,1.010000038E1
1.609024326E2,1.110424667E1,7.735313167E1,2.883253945E2,3.322017193E0,3.295100098E2,2.000000000E0,1.060000038E1
1.619091275E2,1.110427500E1,7.735311333E1,2.881252935E2,3.256647587E0,3.317000122E2,2.099999905E0,1.100000000E1
1.629101963E2,1.110430000E1,7.735309833E1,2.878252045E2,3.141349792E0,3.351300049E2,2.099999905E0,1.119999981E1
1.639068518E2,1.110431667E1,7.735308833E1,2.876251452E2,3.112525225E0,3.387300110E2,2.099999905E0,1.130000019E1
1.649086912E2,1.110434167E1,7.735307500E1,2.880250564E2,3.116642952E0,3.359200134E2,1.600000024E0,1.010000038E1
1.659089949E2,1.110436667E1,7.735306500E1,2.884249681E2,3.142379284E0,3.340000000E2,1.500000000E0,9.600000381E0
1.669096766E2,1.110439500E1,7.735305000E1,2.885248675E2,3.334885359E0,3.346499939E2,1.500000000E0,9.699999809E0
1.679060114E2,1.110442500E1,7.735303333E1,2.888247609E2,3.490331411E0,3.281700134E2,1.600000024E0,9.500000000E0
1.689101022E2,1.110445500E1,7.735301667E1,2.888246543E2,3.518640995E0,3.307300110E2,1.899999976E0,9.899999619E0
1.699096865E2,1.110448333E1,7.735300167E1,2.889245537E2,3.471801281E0,3.340000000E2,2.000000000E0,1.039999962E1
1.709077004E2,1.110451167E1,7.735298333E1,2.885244527E2,3.441432714E0,3.342799988E2,2.099999905E0,1.069999981E1
1.719115589E2,1.110454667E1,7.735297000E1,2.884243291E2,3.416726112E0,3.391400146E2,2.099999905E0,1.089999962E1
1.729053837E2,1.110457667E1,7.735295667E1,2.878242229E2,3.563421965E0,3.365799866E2,2.200000048E0,1.089999962E1
1.739042598E2,1.110461167E1,7.735294167E1,2.876240992E2,3.732250929E0,3.345899963E2,2.200000048E0,1.110000038E1
1.749114361E2,1.110464167E1,7.735292500E1,2.871239925E2,3.850636959E0,3.339599915E2,2.200000048E0,1.119999981E1
1.759064330E2,1.110468167E1,7.735291000E1,2.876238514E2,3.945860624E0,3.386199951E2,1.700000048E0,1.000000000E1
1.769054819E2,1.110471667E1,7.735289167E1,2.874237271E2,3.962331772E0,3.348800049E2,1.600000024E0,9.899999619E0
1.779072643E2,1.110475000E1,7.735287833E1,2.876236094E2,3.987038374E0,3.313699951E2,1.600000024E0,9.800000191E0
1.789048031E2,1.110478500E1,7.735286333E1,2.875234856E2,4.033877850E0,3.384100037E2,1.600000024E0,1.000000000E1
1.799047591E2,1.110481500E1,7.735285167E1,2.871233796E2,4.034392834E0,3.375199890E2,1.899999976E0,1.039999962E1
1.809054881E2,1.110484333E1,7.735284000E1,2.865232795E2,3.963875771E0,3.413599854E2,2.000000000E0,1.069999981E1
1.819086114E2,1.110486833E1,7.735283000E1,2.862231911E2,3.890785217E0,3.373900146E2,2.000000000E0,1.089999962E1
1.829069788E2,1.110489833E1,7.735282000E1,2.860230854E2,3.792988062E0,3.431099854E2,2.099999905E0,1.110000038E1
1.839088142E2,1.110492833E1,7.735281167E1,2.860229799E2,3.697249651E0,3.480000000E2,2.099999905E0,1.119999981E1
1.849063028E2,1.110495833E1,7.735280167E1,2.856228742E2,3.714750290E0,3.451499939E2,2.099999905E0,1.089999962E1
1.859063078E2,1.110499167E1,7.735279167E1,2.851227569E2,3.707544088E0,3.391300049E2,2.099999905E0,1.100000000E1
1.869076795E2,1.110502167E1,7.735278000E1,2.849226509E2,3.605114460E0,3.360599976E2,2.099999905E0,1.100000000E1
1.879080995E2,1.110505167E1,7.735277000E1,2.855225452E2,3.459962845E0,3.315100098E2,1.700000048E0,1.000000000E1
1.889089372E2,1.110507833E1,7.735276333E1,2.863224515E2,3.376063108E0,3.366199951E2,1.500000000E0,9.600000381E0
1.899088416E2,1.110511000E1,7.735275000E1,2.863223395E2,3.407975912E0,3.312900085E2,1.500000000E0,9.500000000E0
1.909090807E2,1.110514833E1,7.735273000E1,2.866222035E2,3.579378366E0,3.348399963E2,1.500000000E0,9.399999619E0
1.919053129E2,1.110519167E1,7.735270667E1,2.866220495E2,3.781664133E0,3.330400085E2,1.500000000E0,8.399999619E0
1.929108749E2,1.110523833E1,7.735267833E1,2.869218833E2,4.005568504E0,3.281099854E2,1.500000000E0,8.399999619E0
1.939057120E2,1.110528333E1,7.735265167E1,2.873217231E2,4.261385441E0,3.313599854E2,1.600000024E0,8.399999619E0
1.949097736E2,1.110533333E1,7.735262500E1,2.875215455E2,4.511540413E0,3.313699951E2,1.500000000E0,8.399999619E0
1.959097216E2,1.110538333E1,7.735259500E1,2.872213675E2,4.785887241E0,3.329800110E2,1.600000024E0,8.500000000E0
1.969112475E2,1.110543500E1,7.735256833E1,2.873211841E2,5.128177643E0,3.326700134E2,1.500000000E0,8.600000381E0
1.979081386E2,1.110548667E1,7.735254000E1,2.875210005E2,5.471497059E0,3.335299988E2,2.000000000E0,9.100000381E0
1.989070373E2,1.110553000E1,7.735251667E1,2.876208465E2,5.586280346E0,3.364400024E2,2.099999905E0,9.399999619E0
1.999101287E2,1.110556500E1,7.735249833E1,2.878207222E2,5.528631210E0,3.313299866E2,2.099999905E0,9.800000191E0
2.009132072E2,1.110559000E1,7.735248167E1,2.880206330E2,5.345390320E0,3.247099915E2,2.099999905E0,9.800000191E0
2.019043601E2,1.110561333E1,7.735246500E1,2.881205495E2,5.175531864E0,3.294599915E2,2.000000000E0,9.800000191E0
2.029076604E2,1.110564333E1,7.735244500E1,2.881204424E2,5.046851158E0,3.196400146E2,2.000000000E0,9.699999809E0
2.039108831E2,1.110566833E1,7.735241667E1,2.883203515E2,4.801328659E0,3.004500122E2,2.099999905E0,9.899999619E0
2.049073289E2,1.110567667E1,7.735238500E1,2.883203182E2,4.524922848E0,2.779400024E2,2.099999905E0,9.899999619E0
2.059120046E2,1.110567333E1,7.735234333E1,2.884203241E2,4.322637081E0,2.658099976E2,2.099999905E0,9.899999619E0
2.069102886E2,1.110565500E1,7.735228667E1,2.885203801E2,4.292783260E0,2.542700043E2,2.099999905E0,1.010000038E1
2.079150071E2,1.110562333E1,7.735221500E1,2.883204805E2,7.572078705E0,2.505599976E2,2.200000048E0,1.030000019E1
2.089144056E2,1.110557667E1,7.735213333E1,2.871206317E2,9.941345215E0,2.470200043E2,1.600000024E0,9.000000000E0
2.099132235E2,1.110553500E1,7.735204333E1,2.869207644E2,1.043908119E1,2.453600006E2,1.399999976E0,8.800000191E0
2.109134206E2,1.110549667E1,7.735195667E1,2.866208859E2,9.729794502E0,2.474499969E2,1.299999952E0,8.699999809E0
2.119078515E2,1.110546500E1,7.735187333E1,2.864209847E2,9.123451233E0,2.507400055E2,1.200000048E0,8.800000191E0
2.129080299E2,1.110544167E1,7.735179500E1,2.864210552E2,8.877928734E0,2.548300018E2,1.299999952E0,8.899999619E0
2.139158723E2,1.110542167E1,7.735171167E1,2.862211134E2,9.375150681E0,2.570499878E2,1.200000048E0,9.000000000E0
2.149129582E2,1.110540333E1,7.735163167E1,2.863211663E2,8.872266769E0,2.561600037E2,1.200000048E0,9.000000000E0
2.159056120E2,1.110538667E1,7.735155333E1,2.865212136E2,8.367838860E0,2.585499878E2,1.200000048E0,9.000000000E0
2.169119644E2,1.110537333E1,7.735148000E1,2.865212500E2,7.994665623E0,2.601300049E2,1.200000048E0,9.300000191E0
2.179117004E2,1.110536167E1,7.735140833E1,2.868212808E2,8.005989075E0,2.576300049E2,1.299999952E0,9.300000191E0
2.189139352E2,1.110534667E1,7.735133667E1,2.868213233E2,8.125919342E0,2.573099976E2,1.399999976E0,9.699999809E0
2.199130837E2,1.110532833E1,7.735126500E1,2.869213773E2,8.319455147E0,2.548000031E2,1.399999976E0,1.000000000E1
2.209103369E2,1.110531000E1,7.735118667E1,2.870214304E2,8.819250107E0,2.540399933E2,1.399999976E0,1.010000038E1
2.219143755E2,1.110528833E1,7.735111167E1,2.872214956E2,8.420340538E0,2.542200012E2,1.399999976E0,1.019999981E1
2.229086785E2,1.110526833E1,7.735103833E1,2.871215552E2,7.881941319E0,2.553399963E2,1.399999976E0,1.039999962E1
2.239109203E2,1.110524833E1,7.735097000E1,2.873216155E2,7.254495144E0,2.520299988E2,1.299999952E0,1.030000019E1
2.249136875E2,1.110522500E1,7.735090667E1,2.876216881E2,7.472737312E0,2.497899933E2,1.299999952E0,9.899999619E0
2.259104026E2,1.110520167E1,7.735084500E1,2.877217609E2,7.212287903E0,2.512899933E2,1.299999952E0,9.600000381E0
2.269096059E2,1.110518500E1,7.735078500E1,2.878218108E2,6.299685478E0,2.561799927E2,1.299999952E0,9.399999619E0
2.279058496E2,1.110517333E1,7.735073333E1,2.877218443E2,5.252740383E0,2.582699890E2,1.299999952E0,9.300000191E0
2.289109687E2,1.110516167E1,7.735068833E1,2.879218788E2,5.266637802E0,2.545899963E2,1.299999952E0,9.300000191E0
2.299057201E2,1.110514833E1,7.735064500E1,2.879219193E2,4.689119339E0,2.547899933E2,1.299999952E0,9.699999809E0
2.309118810E2,1.110513667E1,7.735060000E1,2.885219538E2,5.700548649E0,2.581400146E2,1.200000048E0,9.399999619E0
2.319099367E2,1.110512500E1,7.735054333E1,2.890219867E2,7.410455704E0,2.614299927E2,1.200000048E0,9.399999619E0
2.329091616E2,1.110511333E1,7.735047000E1,2.893220174E2,8.731747627E0,2.612399902E2,1.299999952E0,9.399999619E0
2.339145022E2,1.110510000E1,7.735038833E1,2.896220527E2,9.003005981E0,2.604299927E2,1.399999976E0,9.500000000E0
2.349097893E2,1.110508333E1,7.735030333E1,2.895220991E2,9.944948196E0,2.578500061E2,1.299999952E0,9.500000000E0
2.359133346E2,1.110506167E1,7.735021000E1,2.890221618E2,1.103255653E1,2.553200073E2,1.299999952E0,9.300000191E0
2.369106718E2,1.110503500E1,7.735010667E1,2.886222406E2,1.190758419E1,2.530800018E2,1.299999952E0,9.199999809E0
2.379117526E2,1.110500000E1,7.734999833E1,2.885223478E2,1.263334179E1,2.507299957E2,1.299999952E0,9.300000191E0
2.389087837E2,1.110495833E1,7.734989000E1,2.879224781E2,1.244649792E1,2.478600006E2,1.299999952E0,9.300000191E0
2.399109179E2,1.110491833E1,7.734978000E1,2.875226025E2,1.283511353E1,2.492599945E2,1.299999952E0,9.300000191E0
2.409120247E2,1.110487667E1,7.734967500E1,2.874227333E2,1.199868965E1,2.486499939E2,1.299999952E0,9.399999619E0
2.419151425E2,1.110483833E1,7.734957500E1,2.874228532E2,1.136146355E1,2.494199982E2,1.299999952E0,9.500000000E0
2.429162588E2,1.110480667E1,7.734947500E1,2.869229500E2,1.132182980E1,2.515700073E2,1.399999976E0,9.399999619E0
2.439108105E2,1.110477500E1,7.734937667E1,2.866230469E2,1.109535217E1,2.514700012E2,1.399999976E0,9.500000000E0
2.449089102E2,1.110474333E1,7.734928000E1,2.862231441E2,1.132337379E1,2.513000031E2,1.399999976E0,9.600000381E0
2.459129422E2,1.110471000E1,7.734918000E1,2.859232466E2,1.152308655E1,2.523399963E2,1.500000000E0,9.800000191E0
2.469127474E2,1.110467667E1,7.734907833E1,2.858233489E2,1.154161644E1,2.512599945E2,1.399999976E0,9.899999619E0
2.479086237E2,1.110464167E1,7.734898167E1,2.860234578E2,1.153543949E1,2.516499939E2,1.399999976E0,1.000000000E1
2.489116677E2,1.110461167E1,7.734888333E1,2.861235489E2,1.106858635E1,2.529100037E2,1.399999976E0,9.800000191E0
2.499132800E2,1.110458500E1,7.734878833E1,2.855236290E2,1.006179047E1,2.523200073E2,1.299999952E0,1.019999981E1
2.509093906E2,1.110455500E1,7.734870000E1,2.858237215E2,1.040099239E1,2.501499939E2,1.399999976E0,1.030000019E1
2.519155527E2,1.110452500E1,7.734860333E1,2.855238129E2,1.095740700E1,2.517799988E2,1.399999976E0,1.019999981E1
2.529149862E2,1.110449667E1,7.734850333E1,2.852238981E2,1.140778828E1,2.531499939E2,1.399999976E0,1.019999981E1
2.539115816E2,1.110446667E1,7.734839833E1,2.849239884E2,1.192251110E1,2.527700043E2,1.500000000E0,1.000000000E1
2.549126235E2,1.110443500E1,7.734829167E1,2.844240843E2,1.216031265E1,2.521100006E2,1.500000000E0,9.899999619E0
2.559092210E2,1.110440167E1,7.734818000E1,2.842241854E2,1.237289238E1,2.518600006E2,1.500000000E0,1.030000019E1
2.569112354E2,1.110436833E1,7.734807333E1,2.840242871E2,1.175882912E1,2.516100006E2,1.500000000E0,1.050000000E1
2.579107333E2,1.110433500E1,7.734797167E1,2.841243895E2,1.160956001E1,2.528500061E2,1.500000000E0,1.039999962E1
2.589102348E2,1.110430667E1,7.734787333E1,2.845244750E2,1.095225906E1,2.549299927E2,1.500000000E0,1.010000038E1
2.599093272E2,1.110428667E1,7.734778167E1,2.845245323E2,9.993846893E0,2.600199890E2,1.399999976E0,1.000000000E1
2.609093281E2,1.110427667E1,7.734769667E1,2.849245557E2,9.537802696E0,2.672399902E2,1.399999976E0,1.010000038E1
2.619129609E2,1.110427667E1,7.734762000E1,2.860245453E2,8.649907112E0,2.747300110E2,1.399999976E0,1.000000000E1
2.629130626E2,1.110428500E1,7.734755333E1,2.870245072E2,7.460383892E0,2.802600098E2,1.399999976E0,1.019999981E1
2.639124582E2,1.110430000E1,7.734749000E1,2.874244464E2,7.191184044E0,2.848399963E2,1.399999976E0,1.010000038E1
2.649142490E2,1.110431833E1,7.734742833E1,2.883243742E2,7.597814560E0,2.896900024E2,1.399999976E0,1.010000038E1
2.659125367E2,1.110434500E1,7.734736667E1,2.885242729E2,7.399131775E0,2.937900085E2,1.500000000E0,9.699999809E0
2.669102499E2,1.110437333E1,7.734730833E1,2.885241662E2,7.279716492E0,2.957900085E2,1.600000024E0,9.600000381E0
2.679114336E2,1.110440167E1,7.734725167E1,2.886240598E2,6.974485874E0,2.981799927E2,1.600000024E0,9.500000000E0
2.689113413E2,1.110443333E1,7.734720167E1,2.886239426E2,6.419615746E0,3.001199951E2,1.600000024E0,9.600000381E0
2.699129438E2,1.110447333E1,7.734716333E1,2.885237980E2,6.233800888E0,3.173699951E2,1.600000024E0,9.500000000E0
2.709083502E2,1.110452167E1,7.734713000E1,2.881236250E2,6.547781467E0,3.293800049E2,1.500000000E0,9.399999619E0
2.719134609E2,1.110457000E1,7.734711000E1,2.878234538E2,5.353625774E0,3.401400146E2,1.500000000E0,9.300000191E0
2.729090807E2,1.110461000E1,7.734710333E1,2.879233134E2,3.967993498E0,3.511499939E2,1.500000000E0,9.199999809E0
2.739118209E2,1.110464167E1,7.734709667E1,2.875232021E2,3.624159098E0,3.462300110E2,1.399999976E0,9.300000191E0
2.749126062E2,1.110467000E1,7.734708667E1,2.875231020E2,3.211351871E0,3.516300049E2,1.399999976E0,9.399999619E0
2.759126275E2,1.110469500E1,7.734708000E1,2.874230139E2,2.657510757E0,3.423800049E2,1.399999976E0,9.399999619E0
2.769117825E2,1.110472500E1,7.734707167E1,2.872229082E2,3.872770071E0,3.476799927E2,1.399999976E0,9.500000000E0
2.779079194E2,1.110476167E1,7.734706667E1,2.871227797E2,4.816770554E0,3.552000122E2,1.500000000E0,9.500000000E0
2.789114280E2,1.110481000E1,7.734706500E1,2.873226110E2,5.781360149E0,8.600000143E-1,1.500000000E0,9.699999809E0
2.799137379E2,1.110486500E1,7.734706500E1,2.875224192E2,6.744919777E0,3.591499939E2,1.500000000E0,9.600000381E0
2.809111222E2,1.110493000E1,7.734706000E1,2.881221920E2,7.384204865E0,3.517900085E2,1.500000000E0,9.800000191E0
2.819109600E2,1.110499833E1,7.734705500E1,2.886219531E2,7.608108997E0,3.577200012E2,1.500000000E0,9.899999619E0
2.829090299E2,1.110506667E1,7.734705833E1,2.887217153E2,8.014739990E0,3.279999971E0,1.500000000E0,9.899999619E0
2.839121382E2,1.110514167E1,7.734706000E1,2.887214540E2,8.613361359E0,3.595700073E2,1.500000000E0,1.019999981E1
2.849120764E2,1.110522167E1,7.734705833E1,2.889211749E2,9.086906433E0,3.598900146E2,1.500000000E0,1.030000019E1
2.859099530E2,1.110530333E1,7.734705833E1,2.894208902E2,8.988079071E0,3.576099854E2,1.500000000E0,1.030000019E1
2.869071570E2,1.110538000E1,7.734705000E1,2.893206218E2,8.445562363E0,3.547300110E2,1.500000000E0,1.039999962E1
2.879124246E2,1.110545500E1,7.734704167E1,2.895203592E2,8.532549858E0,3.531199951E2,1.600000024E0,1.060000038E1
2.889118936E2,1.110553333E1,7.734703000E1,2.898200845E2,8.803294182E0,3.531600037E2,1.500000000E0,1.060000038E1
2.899062090E2,1.110561500E1,7.734702000E1,2.906197984E2,9.400886536E0,3.515899963E2,1.500000000E0,1.080000019E1
2.909090149E2,1.110569833E1,7.734700833E1,2.912195063E2,9.420446396E0,3.524700012E2,1.500000000E0,1.069999981E1
2.919097332E2,1.110578167E1,7.734699667E1,2.915192142E2,9.274779320E0,3.517000122E2,1.500000000E0,1.080000019E1
2.929130456E2,1.110586833E1,7.734699833E1,2.922189123E2,9.584127426E0,7.200000286E-1,1.500000000E0,1.089999962E1
2.939130563E2,1.110595667E1,7.734699667E1,2.919186041E2,9.991787910E0,3.591099854E2,1.500000000E0,1.080000019E1
2.949144484E2,1.110604667E1,7.734699667E1,2.929182903E2,9.651556015E0,3.582200012E2,1.500000000E0,1.100000000E1
2.959118523E2,1.110612667E1,7.734699500E1,2.935180112E2,8.189744949E0,3.594500122E2,1.500000000E0,1.089999962E1
2.969099646E2,1.110619000E1,7.734699333E1,2.937177902E2,6.422703743E0,1.200000048E0,1.500000000E0,9.899999619E0
2.979100625E2,1.110624667E1,7.734699500E1,2.934175928E2,6.037177086E0,3.069999933E0,1.500000000E0,9.899999619E0
2.989091241E2,1.110630333E1,7.734699667E1,2.934173955E2,6.611092091E0,3.589999914E0,1.500000000E0,1.000000000E1
2.999122828E2,1.110636500E1,7.734699833E1,2.932171807E2,6.867424011E0,3.390000105E0,1.500000000E0,9.800000191E0
3.009077226E2,1.110642833E1,7.734699667E1,2.924169597E2,7.125814438E0,2.569999933E0,1.500000000E0,9.899999619E0
3.019067671E2,1.110649333E1,7.734699333E1,2.923167326E2,7.478399277E0,3.597399902E2,1.600000024E0,9.899999619E0
3.029131668E2,1.110656500E1,7.734699333E1,2.924164828E2,7.847969532E0,3.585199890E2,1.600000024E0,1.000000000E1
3.039113490E2,1.110663500E1,7.734698500E1,2.924162376E2,7.613770962E0,3.524299927E2,1.500000000E0,1.000000000E1
3.049069810E2,1.110670000E1,7.734697167E1,2.923160092E2,7.280230999E0,3.467600098E2,1.500000000E0,1.000000000E1
3.059126684E2,1.110676000E1,7.734695500E1,2.925157977E2,6.173063755E0,3.438299866E2,1.500000000E0,8.600000381E0
3.069106403E2,1.110680833E1,7.734694167E1,2.924156273E2,4.695296288E0,3.423599854E2,1.500000000E0,1.000000000E1
3.079096530E2,1.110684667E1,7.734692833E1,2.923154918E2,3.675631285E0,3.422699890E2,1.500000000E0,1.010000038E1
3.089109000E2,1.110687000E1,7.734691667E1,2.921154089E2,2.059403658E0,3.245799866E2,1.500000000E0,1.019999981E1
3.099137826E2,1.110687833E1,7.734690500E1,2.923153782E2,1.118491411E0,3.245799866E2,1.500000000E0,1.010000038E1
3.109107969E2,1.110688000E1,7.734690167E1,2.924153719E2,0.000000000E0,3.245799866E2,1.500000000E0,1.010000038E1
3.119131914E2,1.110688500E1,7.734690000E1,2.919153543E2,0.000000000E0,3.245799866E2,1.500000000E0,8.899999619E0
3.129141597E2,1.110689833E1,7.734689667E1,2.922153073E2,0.000000000E0,3.245799866E2,1.500000000E0,9.000000000E0
3.139094262E2,1.110692167E1,7.734689000E1,2.923152250E2,3.812032700E0,3.428900146E2,1.500000000E0,9.000000000E0
3.149138142E2,1.110696833E1,7.734687833E1,2.924150607E2,5.562602997E0,3.439599915E2,1.600000024E0,8.100000381E0
3.159097290E2,1.110702333E1,7.734686500E1,2.921148671E2,6.126224041E0,3.452799988E2,1.600000024E0,8.699999809E0
3.169123626E2,1.110708000E1,7.734685333E1,2.919146679E2,6.148871899E0,3.514800110E2,1.600000024E0,8.800000191E0
3.179118622E2,1.110713500E1,7.734684500E1,2.920144750E2,6.015558720E0,3.518699951E2,1.600000024E0,9.000000000E0
3.189113878E2,1.110718667E1,7.734683333E1,2.916142933E2,5.932688236E0,3.482300110E2,1.700000048E0,9.199999809E0
3.199084226E2,1.110723333E1,7.734682000E1,2.913141287E2,5.508557320E0,3.480799866E2,1.799999952E0,9.399999619E0
3.209132336E2,1.110726667E1,7.734680333E1,2.909140102E2,4.008656502E0,3.465199890E2,1.799999952E0,9.399999619E0
3.219094699E2,1.110728833E1,7.734678833E1,2.905139325E2,2.781044245E0,3.367500000E2,1.899999976E0,9.399999619E0
3.229108038E2,1.110730833E1,7.734677000E1,2.898138603E2,3.029140234E0,3.183599854E2,1.899999976E0,9.600000381E0
3.239032004E2,1.110731500E1,7.734674333E1,2.894138333E2,2.833545923E0,2.865000000E2,1.899999976E0,9.699999809E0
3.249050619E2,1.110731333E1,7.734671833E1,2.891138356E2,2.715159655E0,2.730599976E2,1.899999976E0,9.600000381E0
3.259054532E2,1.110730833E1,7.734669167E1,2.892138494E2,3.003404140E0,2.676700134E2,1.899999976E0,9.800000191E0
3.269038289E2,1.110731000E1,7.734666333E1,2.898138396E2,3.625188589E0,2.633599854E2,1.899999976E0,1.080000019E1
3.279045336E2,1.110730833E1,7.734663333E1,2.905138413E2,3.357018232E0,2.705400085E2,1.899999976E0,1.100000000E1
3.289044423E2,1.110731167E1,7.734660500E1,2.912138257E2,2.804206610E0,2.747200012E2,1.899999976E0,1.150000000E1
3.299071853E2,1.110730833E1,7.734659500E1,2.914138359E2,1.722775221E0,2.402200012E2,2.000000000E0,1.160000038E1
3.309169246E2,1.110729500E1,7.734659000E1,2.915138817E2,0.000000000E0,2.402200012E2,2.200000048E0,1.169999981E1
3.319110816E2,1.110728833E1,7.734659500E1,2.913139057E2,0.000000000E0,2.402200012E2,2.099999905E0,1.160000038E1
3.329138795E2,1.110728000E1,7.734659500E1,2.909139347E2,0.000000000E0,2.402200012E2,2.099999905E0,1.180000019E1
3.339094286E2,1.110728000E1,7.734659500E1,2.909139347E2,0.000000000E0,2.402200012E2,2.099999905E0,1.169999981E1
3.349118093E2,1.110728000E1,7.734659500E1,2.909139347E2,0.000000000E0,2.402200012E2,2.000000000E0,1.189999962E1
3.359101727E2,1.110728000E1,7.734659500E1,2.909139347E2,0.000000000E0,2.402200012E2,2.000000000E0,1.189999962E1
